<?xml version="1.0" encoding="UTF-8"?>
<ApexPage xmlns="http://soap.sforce.com/2006/04/metadata">
    <apiVersion>49.0</apiVersion>
    <availableInTouch>false</availableInTouch>
    <confirmationTokenRequired>false</confirmationTokenRequired>
    <description>ZAM-1842</description>
    <label>ZMB_OPTEmailAttachmentPdf</label>
    <packageVersions>
        <majorNumber>8</majorNumber>
        <minorNumber>0</minorNumber>
        <namespace>OCE</namespace>
    </packageVersions>
</ApexPage>
