<?xml version="1.0" encoding="UTF-8"?>
<ApexPage xmlns="http://soap.sforce.com/2006/04/metadata">
    <apiVersion>49.0</apiVersion>
    <availableInTouch>false</availableInTouch>
    <confirmationTokenRequired>false</confirmationTokenRequired>
	<description>ZAM-2057 : pdf containing order details</description>																  
    <label>ZMB_Order_Notification_to_CustomerPDF</label>
    <packageVersions>
        <majorNumber>8</majorNumber>
        <minorNumber>0</minorNumber>
        <namespace>OCE</namespace>
    </packageVersions>
</ApexPage>
